publisher,title,summary,pubdate,link,thumblink
New York Times,"Help for the Economy? Despite Grumbling, Trump Has Had Plenty",The Fed and Congress have given President Trump the most growth-friendly climate in decades. But the trade war may test its limits.,"Fri, 09 Aug 2019 13:50:37 +0000",https://www.nytimes.com/2019/08/08/business/economy/trump-stimulus-economy.html?emc=rss&partner=rss,https://static01.nyt.com/images/2019/08/07/business/00DC-TAILWINDS-01/00DC-TAILWINDS-01-moth.jpg
New York Times,Italy’s Biggest Economic Problem? It’s Still Italy,Political chaos and confrontation with the European Union over spending rules have reinforced what a finance professor calls the country’s “serial stagnation.”,"Fri, 09 Aug 2019 14:09:01 +0000",https://www.nytimes.com/2019/08/09/business/italy-economy-debt.html?emc=rss&partner=rss,https://static01.nyt.com/images/2019/08/05/business/05italyecon-1/00italyecon-1-moth.jpg
New York Times,"British Economy Shrinks, a Sign of Economic Uncertainty","The government reported a 0.2 percent contraction, a signal that Brexit and a global economic slowdown are taking a toll.","Fri, 09 Aug 2019 12:00:59 +0000",https://www.nytimes.com/2019/08/09/business/british-economy-second-quarter-shrinks.html?emc=rss&partner=rss,https://static01.nyt.com/images/2019/08/09/business/09ukgdp/merlin_159052365_90b9209f-9ef8-4763-b9ea-5eb12199e575-moth.jpg
New York Times,Trump Weighs New Stance on Guns as Pressure Mounts After Shootings,The president is consulting allies about supporting expanded background checks. Mitch McConnell said the idea would be “front and center” when the Senate reconvenes.,"Fri, 09 Aug 2019 12:37:57 +0000",https://www.nytimes.com/2019/08/08/us/politics/gun-background-checks.html?emc=rss&partner=rss,https://static01.nyt.com/images/2019/08/08/us/politics/08dc-guns/08dc-guns-moth.jpg
New York Times,"An Empty Parking Lot, Filled by El Paso’s Grief","Behind the Walmart where a gunman opened fire, dancers, mariachis and prayers commemorate the victims.","Fri, 09 Aug 2019 13:50:37 +0000",https://www.nytimes.com/2019/08/09/us/el-paso-shooting-memorial.html?emc=rss&partner=rss,
New York Times,El Paso Suspect Ordered Gun and Moved Out in Weeks Before Attack,The suspect’s mother called the police about a gun her son had ordered. Her lawyer said that it was an “informational call” and that she did not raise concerns he was a threat.,"Fri, 09 Aug 2019 13:18:21 +0000",https://www.nytimes.com/2019/08/08/us/el-paso-suspect.html?emc=rss&partner=rss,https://static01.nyt.com/images/2019/08/08/us/08gunman/merlin_158887509_82a159bd-7c10-4368-b89c-08f444968e6f-moth.jpg
New York Times,Trump’s Opponents Want to Name His Big Donors. His Supporters Say It’s Harassment.,"Calling out campaign donors isn’t a new political tactic, but the question of how much should be publicly disclosed about them has been an issue repeatedly raised by Republicans in recent years.","Fri, 09 Aug 2019 02:50:59 +0000",https://www.nytimes.com/2019/08/08/us/politics/castro-trump-donors.html?emc=rss&partner=rss,https://static01.nyt.com/images/2019/08/08/us/politics/08dc-donors-01/08dc-donors-01-moth.jpg
New York Times,"They Paid $42 for a SoulCycle Ride, Not for Trump","A look at what happens when politics enters every spandex-clad corner of life, especially in the Hamptons.","Fri, 09 Aug 2019 13:50:38 +0000",https://www.nytimes.com/2019/08/08/us/politics/soulcycle-equinox-boycott.html?emc=rss&partner=rss,https://static01.nyt.com/images/2019/08/08/us/politics/08soulcycle-sub/08soulcycle-sub-moth.jpg
New York Times,What Is YouTube Pushing You to Watch Next?,A New TV Show from The New York Times on FX and Hulu,"Fri, 09 Aug 2019 13:50:37 +0000",https://www.nytimes.com/2019/08/09/the-weekly/youtube-brazil-far-right.html?emc=rss&partner=rss,https://static01.nyt.com/images/2019/08/11/autossell/11theweekly-brazilyoutube-promoimage1/18theweekly-brazilyoutube-promoimage1-moth.jpg
New York Times,"The Lives of Ferguson Activists, Five Years Later","The energy of the street protests has faded, but it carries on in national conversations about race, and in the lives of the people who were there.","Fri, 09 Aug 2019 13:50:38 +0000",https://www.nytimes.com/2019/08/09/us/ferguson-activists.html?emc=rss&partner=rss,https://static01.nyt.com/images/2019/08/08/us/00characters/00characters-moth.jpg
New York Times,The Great American Lawn: How the Dream Was Manufactured,America’s lawns represent the pride of homeownership and community. But maintaining them risks contributing to climate change. So why do we even have lawns in the first place? We traced their history.,"Fri, 09 Aug 2019 13:16:12 +0000",https://www.nytimes.com/video/us/100000006542254/climate-change-lawns.html?emc=rss&partner=rss,https://static01.nyt.com/images/2019/06/05/autossell/09vid-lawns-1/09vid-lawns-1-moth.jpg
New York Times,"Mitch McConnell, SoulCycle, Uber: Your Friday Briefing",Here’s what you need to know.,"Fri, 09 Aug 2019 11:48:42 +0000",https://www.nytimes.com/2019/08/09/briefing/mitch-mcconnell-soulcycle-uber.html?emc=rss&partner=rss,
New York Times,Meet the Rockaways’ Cycling Newsman,"Friday: Kevin Boyle's weekly paper has a storefront office, but he practically runs it from his bike.","Fri, 09 Aug 2019 10:06:52 +0000",https://www.nytimes.com/2019/08/09/nyregion/newyorktoday/nyc-news-rockaway-times.html?emc=rss&partner=rss,https://static01.nyt.com/images/2019/08/09/nyregion/09nytoday1/09nytoday1-moth.jpg
New York Times,The Crackdown on Kashmir,The decision by India’s Hindu nationalist government to revoke the autonomy of the disputed region brings a decades-long conflict to a tipping point.,"Fri, 09 Aug 2019 11:52:04 +0000",https://www.nytimes.com/2019/08/09/podcasts/the-daily/kashmir-india-modi.html?emc=rss&partner=rss,https://static01.nyt.com/images/2019/08/05/world/05kashmir-copy/05kashmir-copy-moth-v2.jpg
New York Times,"Three Things You Can Do: Swap, Share and Donate","Also this week, life as a young, conservative climate advocate.","Fri, 09 Aug 2019 10:00:54 +0000",https://www.nytimes.com/2019/08/07/climate/nyt-climate-newsletter-swap.html?emc=rss&partner=rss,https://static01.nyt.com/images/2019/08/09/climate/07cli-newsletter-onethingswap/07cli-newsletter-onethingswap-moth.jpg
New York Times,Does Trump Help Fuel Mass Shootings?,And are Democrats breaking up with Obama?,"Fri, 09 Aug 2019 10:00:54 +0000",https://www.nytimes.com/2019/08/08/opinion/the-argument-trump-el-paso-white-supremacy.html?emc=rss&partner=rss,https://static01.nyt.com/images/2019/08/08/opinion/08argument-fortytwo-web/08argument-fortytwo-web-moth.jpg
New York Times,The Sale of a Manson Murder House,"Friday: The history of the LaBianca home, surf therapy, and remembering a Bay Area civil rights champion.","Fri, 09 Aug 2019 13:05:46 +0000",https://www.nytimes.com/2019/08/09/us/labianca-house-manson-murders.html?emc=rss&partner=rss,https://static01.nyt.com/images/2019/08/09/us/politics/09californiatoday/merlin_158067915_48483e88-8a46-4deb-b315-704e360c61fd-moth.jpg
New York Times,What Makes an American?,I took reassurance this past week in a Texas immigration story that suggests America’s powers of assimilation remain formidable.,"Fri, 09 Aug 2019 13:00:11 +0000",https://www.nytimes.com/2019/08/09/sunday-review/immigration-assimilation-texas.html?emc=rss&partner=rss,https://static01.nyt.com/images/2019/08/11/opinion/sunday/11Deparle-01/11Deparle-01-moth-v2.jpg
New York Times,Farmers Don’t Need to Read the Science. We Are Living It.,A new report is another dire warning on climate change.,"Fri, 09 Aug 2019 14:11:29 +0000",https://www.nytimes.com/2019/08/09/opinion/climate-change-food-report.html?emc=rss&partner=rss,https://static01.nyt.com/images/2019/08/09/opinion/09Sano/09Sano-moth.jpg
New York Times,The Legacy of Toni Morrison,There is a blossoming of black women writers who are following her footsteps and making their own impact.,"Fri, 09 Aug 2019 13:00:11 +0000",https://www.nytimes.com/2019/08/09/opinion/roxane-gay-toni-morrison.html?emc=rss&partner=rss,
New York Times,It’s Too Late to Ban Assault Weapons,The half-life of military-style rifles ensures they’ll be with us for many generations. Time to deal with the world as it is.,"Fri, 09 Aug 2019 13:00:11 +0000",https://www.nytimes.com/2019/08/09/opinion/ar15-assault-weapon-ban.html?emc=rss&partner=rss,https://static01.nyt.com/images/2019/08/09/opinion/09salt-web/09salt-web-moth.jpg
New York Times,Trump’s Trade War Is Breeding Patriots in China,"America goes after Huawei, and Chinese consumers rally to buy from the company.","Fri, 09 Aug 2019 13:00:11 +0000",https://www.nytimes.com/2019/08/09/opinion/china-trade-huawei.html?emc=rss&partner=rss,https://static01.nyt.com/images/2019/08/09/opinion/09huang/09huang-moth.jpg
New York Times,Your Baby Boomer Report Card,What grade has a generation earned? An A+? A C-?,"Fri, 09 Aug 2019 14:28:34 +0000",https://www.nytimes.com/2019/08/08/opinion/baby-boomers-report-card.html?emc=rss&partner=rss,https://static01.nyt.com/images/2019/08/08/opinion/08brooks/08brooks-moth.jpg
New York Times,China Tries to Teach Trump Economics,But he doesn’t seem to be learning.,"Fri, 09 Aug 2019 14:28:32 +0000",https://www.nytimes.com/2019/08/08/opinion/trump-china-trade.html?emc=rss&partner=rss,https://static01.nyt.com/images/2019/08/08/opinion/08krugman-web/08krugman-web-moth.jpg
New York Times,May the SoulCycle Boycott Make Democracy Better,Stunts like Joaquin Castro’s upstage a real concern: Americans should want to know more about who funds political campaigns.,"Fri, 09 Aug 2019 14:28:35 +0000",https://www.nytimes.com/2019/08/08/opinion/soulcycle-equinox-trump-castro.html?emc=rss&partner=rss,https://static01.nyt.com/images/2018/11/04/us/politics/08disclosure-web/04midterms1-moth.jpg
New York Times,Why Mass Murderers May Not Be Very Different From You or Me,Most of them are not mentally ill. They are just filled with hate — and well armed.,"Fri, 09 Aug 2019 14:28:37 +0000",https://www.nytimes.com/2019/08/08/opinion/mass-shootings-mental-health.html?emc=rss&partner=rss,https://static01.nyt.com/images/2019/08/08/opinion/08richardfriedman/08richardfriedman-moth.jpg
New York Times,Was Trump’s El Paso Visit a Turning Point?,"A day of racist comments left him looking small and isolated, while the city united against him.","Fri, 09 Aug 2019 14:28:26 +0000",https://www.nytimes.com/2019/08/08/opinion/el-paso-trump-racism.html?emc=rss&partner=rss,https://static01.nyt.com/images/2019/08/07/opinion/07parker/merlin_158991081_baafc26f-81a5-4879-ade7-a46ece4eaa1e-moth.jpg
New York Times,Could Your House Be an Instagram Star?,Here’s what it’s like to live in a home that is followed by thousands and has to feel lived in — but also always ready for a close-up.,"Fri, 09 Aug 2019 09:58:35 +0000",https://www.nytimes.com/2019/08/09/realestate/could-your-house-be-an-instagram-star.html?emc=rss&partner=rss,
New York Times,"Seduced, Then Scorned, by My Work Wife","With my husband checked out of our marriage, I found flirtation at the office. It didn’t go well.","Fri, 09 Aug 2019 09:58:34 +0000",https://www.nytimes.com/2019/08/09/style/modern-love-seduced-then-scorned-by-my-work-wife.html?emc=rss&partner=rss,https://static01.nyt.com/images/2019/08/10/arts/10MODERN-WORKWIFE01-cul-inyt/merlin_158971290_81ae789c-ed43-4ccb-b5ff-2763b0740285-moth.jpg
New York Times,Malaysia Charges Goldman Sachs Executives in 1MDB Scandal,"The accusations, related to work with the scandal-plagued 1MDB fund, raise legal and reputational challenges for the powerful Wall Street bank.","Fri, 09 Aug 2019 10:08:19 +0000",https://www.nytimes.com/2019/08/09/business/1mdb-goldman-sachs-malaysia.html?emc=rss&partner=rss,
New York Times,Joe Biden Says ‘Poor Kids’ Are Just as Bright as ‘White Kids’,"Mr. Biden was speaking at a town hall hosted by the Asian & Latino Coalition in Des Moines when he made the remark, which he quickly sought to recover from.","Fri, 09 Aug 2019 14:06:23 +0000",https://www.nytimes.com/2019/08/09/us/politics/joe-biden-poor-kids-white-kids.html?emc=rss&partner=rss,https://static01.nyt.com/images/2019/08/09/us/politics/09biden/09biden-moth.jpg
New York Times,Man With Rifle and Body Armor Alarms Shoppers at Missouri Walmart,"The man, who also had 100 rounds of ammunition, was arrested at the store in Springfield, Mo. No shots were fired.","Fri, 09 Aug 2019 14:06:23 +0000",https://www.nytimes.com/2019/08/08/us/walmart-springfield-mo.html?emc=rss&partner=rss,https://static01.nyt.com/images/2019/08/09/us/09xp-walmart/09xp-walmart-moth.jpg
New York Times,Uber Posts $5.2 Billion Loss and Slowest Ever Growth Rate,The double whammy immediately renewed questions about the prospects of the world’s biggest ride-hailing company.,"Thu, 08 Aug 2019 23:03:03 +0000",https://www.nytimes.com/2019/08/08/technology/uber-earnings.html?emc=rss&partner=rss,https://static01.nyt.com/images/2019/08/08/business/08uber/08uber-moth.jpg
New York Times,Colonel Killed in Vietnam War Finally Came Home. His Son Flew the Plane.,Col. Roy A. Knight Jr. received full military honors after a Southwest Airlines flight carrying his remains landed at Love Field in Dallas.,"Fri, 09 Aug 2019 14:06:23 +0000",https://www.nytimes.com/2019/08/09/us/colonel-homecoming-vietnam-dallas.html?emc=rss&partner=rss,https://static01.nyt.com/images/2019/08/09/multimedia/09xp-homecoming-roy/09xp-homecoming-roy-moth.jpg
New York Times,"Hong Kong Protesters Descend on Airport, With Plans to Stay for Days","Thousands of demonstrators filled the arrivals hall at the airport, one of the world’s busiest, chanting and handing out pamphlets to travelers.","Fri, 09 Aug 2019 14:00:56 +0000",https://www.nytimes.com/2019/08/09/world/asia/hong-kong-airport-protest.html?emc=rss&partner=rss,https://static01.nyt.com/images/2019/08/09/world/09hongkong-top/09hongkong-top-moth.jpg
New York Times,"Whispers of Sexual Abuse Tailed an Equestrian Legend for Decades. At 81, He Was Barred for Life.","George H. Morris’s stature in the sport was nearly unrivaled, even though some in the horse world said they had long been aware of his relationships with minors.","Fri, 09 Aug 2019 13:58:22 +0000",https://www.nytimes.com/2019/08/08/sports/george-morris.html?emc=rss&partner=rss,
New York Times,"More Private Colleges Are Cutting Tuition, but Don’t Expect to Pay Less",Few students actually paid the published cost. Colleges worried that they would be bypassed if families looked just at the sticker price.,"Fri, 09 Aug 2019 13:58:23 +0000",https://www.nytimes.com/2019/08/09/your-money/college-tuition.html?emc=rss&partner=rss,https://static01.nyt.com/images/2019/08/07/business/00tuition1/00tuition1-moth.jpg
New York Times,What Worries Iceland? A World Without Ice. It Is Preparing.,"As rising temperatures drastically reshape Iceland’s landscape, businesses and the government are spending millions for survival and profit.","Fri, 09 Aug 2019 14:25:31 +0000",https://www.nytimes.com/2019/08/09/business/iceland-ice-melt-global-warming-climate-change.html?emc=rss&partner=rss,https://static01.nyt.com/images/2019/08/08/business/00icewarm-1-copy/00icewarm-1-copy-moth-v2.jpg
New York Times,Our Cars Are Trying to Keep Us Safe. Here’s How.,"There is no question that the tech in cars is making us safer. Even when optional, active electronic safety features can pay for themselves quickly.","Fri, 09 Aug 2019 05:41:38 +0000",https://www.nytimes.com/2019/08/08/smarter-living/our-cars-are-trying-to-keep-us-safe-heres-how.html?emc=rss&partner=rss,https://static01.nyt.com/images/2019/08/08/smarter-living/00sl-smartdrive/00sl-smartdrive-moth-v2.jpg
New York Times,5 Cheap(ish) Things to Maximize a Small Bedroom,"A nightstand, a divider, a floating shelf, a garment rack and a storage bench for keeping a bedroom organized.","Fri, 09 Aug 2019 05:41:39 +0000",https://www.nytimes.com/2019/08/07/smarter-living/small-bedroom-maximize-space.html?emc=rss&partner=rss,https://static01.nyt.com/images/2019/08/08/smarter-living/08sl-newsletter/08sl-newsletter-moth.jpg
New York Times,How Woodstock Hobbled the American Rock Festival for 30 Years,"It was a hippie dream. But while some hailed peace and love, others saw damaged property, poor sanitation and a threat to public safety.","Fri, 09 Aug 2019 10:58:12 +0000",https://www.nytimes.com/2019/08/08/arts/music/woodstock-american-festivals.html?emc=rss&partner=rss,https://static01.nyt.com/images/2019/08/11/arts/11woodstock-sisario-4/11woodstock-sisario-4-moth.jpg
New York Times,Summer Art Trek: Gallery Hopping in the Hudson Valley,"Galleries abound due north of the city, showing Warhol, Basquiat and the talents of Arte Povera.","Fri, 09 Aug 2019 10:58:12 +0000",https://www.nytimes.com/2019/08/08/arts/design/art-shows-beacon-hudson-valley.html?emc=rss&partner=rss,https://static01.nyt.com/images/2019/08/09/arts/08hudsonvalley-art20/08hudsonvalley-art20-moth.jpg
New York Times,Téa Obreht Follows Up an Acclaimed Debut With a Visit to the Old West,"“Inland,” set in the rowdy lands of the Arizona Territory during the 1890s, weaves together the story of a frontierswoman with that of a wanted murderer and his camel.","Fri, 09 Aug 2019 09:00:02 +0000",https://www.nytimes.com/2019/08/09/books/review-inland-tea-obreht.html?emc=rss&partner=rss,https://static01.nyt.com/images/2019/08/12/books/12bookobreht1/12bookobreht1-moth.jpg
New York Times,Seth Meyers Says El Paso Should Put the Boot on Air Force One,The late-night hosts were quick to point out that President Trump still owes the city more than half a million dollars for a campaign rally in February.,"Fri, 09 Aug 2019 06:27:35 +0000",https://www.nytimes.com/2019/08/09/arts/television/seth-meyers-trump-el-paso-debt-late-night.html?emc=rss&partner=rss,
New York Times,"Review: In ‘Bat Out of Hell,’ Paradise by the LED Light","A post-apocalyptic Peter Pan story with book, music and lyrics by Jim Steinman is a masterpiece of overstatement. But try not to sing along.","Fri, 09 Aug 2019 12:10:14 +0000",https://www.nytimes.com/2019/08/08/theater/bat-out-of-hell-the-musical-review.html?emc=rss&partner=rss,https://static01.nyt.com/images/2019/08/09/arts/06bathell1-promo/06bathell1-promo-moth-v2.jpg
New York Times,"Legless, Leaping Larvae",Gall midge maggots have some surprising tricks that help them launch themselves into smile-inspiring jumps.,"Fri, 09 Aug 2019 09:58:45 +0000",https://www.nytimes.com/2019/08/08/science/leaping-larvae-maggot.html?emc=rss&partner=rss,https://static01.nyt.com/images/2019/08/08/science/08TB-LEAPINGLARVAE/08TB-LEAPINGLARVAE-moth.jpg
New York Times,Do Older People Have a Different Smell?,Even scientists who study scent are divided.,"Thu, 08 Aug 2019 09:00:06 +0000",https://www.nytimes.com/2019/08/08/well/live/do-older-people-have-a-different-smell.html?emc=rss&partner=rss,
New York Times,"A More Active Hurricane Season Could Lie Ahead, Scientists Warn","A revised prediction from federal forecasters sees the potential for as many as 17 named storms this hurricane season, four of which may be major.","Fri, 09 Aug 2019 13:15:36 +0000",https://www.nytimes.com/2019/08/08/climate/noaa-hurricane-forecast.html?emc=rss&partner=rss,https://static01.nyt.com/images/2019/08/08/climate/08CLI-HURRICANES/08CLI-HURRICANES-moth.jpg
New York Times,Another Baseball Mystery: Why Do Players Seem to Live Longer?,A new study suggests professional baseball players live longer than other athletes and American men in general. The reasons could be complex.,"Fri, 09 Aug 2019 09:58:44 +0000",https://www.nytimes.com/2019/08/07/sports/baseball/baseball-players-longevity-health.html?emc=rss&partner=rss,https://static01.nyt.com/images/2019/08/07/sports/07baseball-study2/07baseball-study2-moth.jpg
New York Times,The Secret History of ‘Easter Eggs’,"Yes, Google, Tesla, Amazon and others are still hiding quirky software surprises in their products, mostly to give you a chuckle.","Thu, 08 Aug 2019 19:26:30 +0000",https://www.nytimes.com/2019/08/08/technology/easter-eggs-tesla-google.html?emc=rss&partner=rss,https://static01.nyt.com/images/2019/08/01/business/00easteregg-tesla2/00easteregg-tesla2-moth-v2.jpg
BBC News,UK economy shrinks for the first time since 2012,"The UK economy contracted by 0.2% between April and June, its worst performance for more than six years.","Fri, 09 Aug 2019 14:23:42 GMT",https://www.bbc.co.uk/news/business-49290926,
BBC News,US shootings: Trump says 'serious' talks on gun control under way,"Congressional leaders are discussing ""meaningful"" background checks for gun owners, he says.","Fri, 09 Aug 2019 14:04:30 GMT",https://www.bbc.co.uk/news/world-us-canada-49292111,
BBC News,'Why I translate all of Trump's tweets into Chinese',The dissident in Los Angeles who thinks Trump's tweets will bring down China's communist government.,"Thu, 08 Aug 2019 23:57:45 GMT",https://www.bbc.co.uk/news/world-us-canada-49092612,
BBC News,Missouri Walmart incident: Armed man who walked into store 'sparked panic',"It is not clear what the man, who had a loaded rifle, intended to do by walking into the store armed.","Fri, 09 Aug 2019 12:06:17 GMT",https://www.bbc.co.uk/news/world-us-canada-49291836,
BBC News,Cambodian man rescued after four days trapped in cave,The man was collecting bat droppings when he slipped and became wedged between rocks in a jungle cave.,"Fri, 09 Aug 2019 08:46:34 GMT",https://www.bbc.co.uk/news/world-asia-49288550,
BBC News,Hong Kong: US calls China a 'thuggish regime' amid fresh protests,"The US accuses China of being a ""thuggish regime"", a barb China dismisses as ""gangster logic"".","Fri, 09 Aug 2019 13:09:07 GMT",https://www.bbc.co.uk/news/world-asia-china-49289460,
BBC News,Norwich Cathedral: Helter skelter offers new experience,"The full-size fairground ride is ""certainly not a gimmick"", says Norwich Cathedral.","Thu, 08 Aug 2019 23:01:36 GMT",https://www.bbc.co.uk/news/uk-england-49285829,
BBC News,Russian panic over Arctic rocket accident radiation scare,People rush to buy iodine pills after a rocket engine explosion and radiation spike at a military site.,"Fri, 09 Aug 2019 14:23:57 GMT",https://www.bbc.co.uk/news/world-europe-49295521,
BBC News,China on red alert as Typhoon Lekima bears down on east coast,Evacuation warnings are in place for Shanghai as Typhoon Lekima roars past Taiwan.,"Fri, 09 Aug 2019 14:29:19 GMT",https://www.bbc.co.uk/news/world-asia-china-49287907,
BBC News,Goldman bosses charged in Malaysia bond scandal,Malaysia charges 17 current and former Goldman Sachs executives over the 1MDB corruption scandal.,"Fri, 09 Aug 2019 07:44:11 GMT",https://www.bbc.co.uk/news/business-49289840,
BBC News,Kashmir dispute: Residents attend Friday prayers amid lockdown,"Residents in the Muslim-majority valley are allowed to attend mosques, but tight restrictions continue.","Fri, 09 Aug 2019 11:34:50 GMT",https://www.bbc.co.uk/news/world-asia-india-49289680,
BBC News,Michael Barisone: US Olympian charged with attempted murder,"Michael Barisone, a dressage competitor, is arrested after a shooting at his New Jersey farm.","Fri, 09 Aug 2019 10:04:33 GMT",https://www.bbc.co.uk/news/world-us-canada-49291171,
BBC News,YouTube child star dies of malaria,"Darcy Irakoze, known as Kacaman, contracted the illness on Wednesday and died a day later in Burundi.","Fri, 09 Aug 2019 12:45:39 GMT",https://www.bbc.co.uk/news/world-africa-49293782,
BBC News,Mexico violence: Nine bodies found hanging from bridge,A banner hanging from the bridge reportedly bore the initials of one of Mexico's powerful drug gangs.,"Fri, 09 Aug 2019 09:30:42 GMT",https://www.bbc.co.uk/news/world-latin-america-49289716,
BBC News,Hero's welcome for deceased Vietnam War veteran,A fallen US pilot is flown home to Texas by his son 52 years after he died.,"Thu, 08 Aug 2019 21:51:57 GMT",https://www.bbc.co.uk/news/world-us-canada-49284330,
BBC News,Bullfighting returns to Majorca after partial ban overturned,This is the first fight to be held in the region since a court ruled a partial ban was unconstitutional.,"Fri, 09 Aug 2019 10:43:20 GMT",https://www.bbc.co.uk/news/world-europe-49291131,
BBC News,Kenya's Homa Bay: Fart pushes Speaker to suspend debate,"""One of us has polluted the air and I know who it is,"" a disgusted member of a Kenyan regional assembly declared.","Fri, 09 Aug 2019 09:07:42 GMT",https://www.bbc.co.uk/news/world-africa-49290641,
BBC News,Cyanide bombs: US says it's OK to kill wild animals with deadly poison,"M-44 devices, in use since the sixties, have been reauthorised for use despite opposition.","Fri, 09 Aug 2019 13:41:01 GMT",https://www.bbc.co.uk/news/newsbeat-49292681,
BBC News,US shootings: El Paso stands defiant in aftermath of tragedy,"After a gunman targeting Hispanics killed 22 people, El Paso is coming together to embrace its unique identity.","Fri, 09 Aug 2019 11:27:52 GMT",https://www.bbc.co.uk/news/world-us-canada-49272760,
BBC News,The Cardiff hospital testing virtual reality with labour,"The technology has been described as something which can take pregnant women ""out of the moment"".","Thu, 08 Aug 2019 23:54:34 GMT",https://www.bbc.co.uk/news/uk-wales-49280157,
BBC News,Locals ‘kicked out of their homes for holiday lets',Valencia is one of the cities in Europe fighting back against holiday rental websites.,"Thu, 08 Aug 2019 23:07:05 GMT",https://www.bbc.co.uk/news/world-europe-49285719,
BBC News,Kenya's new breast milk bank in bid to reduce infant mortality,Mums can donate their breast milk to a new milk bank in Kenya in a bid to reduce infant deaths.,"Thu, 08 Aug 2019 23:04:06 GMT",https://www.bbc.co.uk/news/world-africa-49279759,
BBC News,How did Twitter help a sexual abuse survivor brave a smear test?,Support from people on Twitter has helped a woman take a smear test for the first time.,"Fri, 09 Aug 2019 12:41:05 GMT",https://www.bbc.co.uk/news/health-49293911,
BBC News,Strange cloud trail leaves observers in awe,A strange cloud trail in the early morning sky above Florida left observers on the ground in awe.,"Thu, 08 Aug 2019 17:55:08 GMT",https://www.bbc.co.uk/news/world-us-canada-49272761,
BBC News,Foreign marines descend on Russia,"Elite soldiers from China, Iran and Venezuela take part in Russia's International Army Games.","Thu, 08 Aug 2019 20:53:48 GMT",https://www.bbc.co.uk/news/world-europe-49285975,
BBC News,Africa's week in pictures: 2 - 8 August 2019,A selection of the week's best photos from across the continent.,"Thu, 08 Aug 2019 23:40:18 GMT",https://www.bbc.co.uk/news/world-africa-49276227,
BBC News,Quiz of the week: Do you know your 'Peaky' music?,Have you been paying attention to what's been going on over the past seven days?,"Thu, 08 Aug 2019 23:39:54 GMT",https://www.bbc.co.uk/news/world-49239205,
BBC News,Rainbow Caravan: The long journey to LGBT freedom,"Two years ago, a ""rainbow caravan"" of gay and trans migrants arrived in the US. This is their story.","Fri, 09 Aug 2019 00:16:13 GMT",https://www.bbc.co.uk/news/world-us-canada-48404381,
BBC News,Hong Kong protests: How badly has tourism been affected?,"It is one of the world's most visited cities, but experts say the travel trade is suffering.","Fri, 09 Aug 2019 10:37:43 GMT",https://www.bbc.co.uk/news/world-asia-china-49276259,
BBC News,Article 370: The Indians celebrating Kashmir's new status,Many Indians see Kashmir as a fundamental part of their country's identity and back the government's move.,"Fri, 09 Aug 2019 06:42:13 GMT",https://www.bbc.co.uk/news/world-asia-india-49250594,
BBC News,Pocket knife saves Canadian man during grizzly bear attack,Colin Dowler ended up in a life-or-death struggle with a grizzly bear in British Columbia.,"Thu, 08 Aug 2019 20:02:02 GMT",https://www.bbc.co.uk/news/world-us-canada-49186379,
BBC News,Tesla motors make classic Ferraris go faster,"Electric cars have to be as cool as petrol ones to really take off, and these engineers think they can be","Thu, 08 Aug 2019 23:05:53 GMT",https://www.bbc.co.uk/news/business-48956000,
BBC News,Why are shops in Iraq stocking up on Scottish sweets?,"One sweet manufacturer is seeing sales of fudge, chocolate eclairs and toffees soaring in Iraqi Kurdistan.","Thu, 08 Aug 2019 23:29:25 GMT",https://www.bbc.co.uk/news/uk-scotland-scotland-business-48458835,
BBC News,What's wrong with buying a dinosaur?,"There's a growing fashion for fossils, but some argue it is undermining scientific research.","Wed, 07 Aug 2019 23:39:48 GMT",https://www.bbc.co.uk/news/business-48472588,
BBC News,"Ashes 2019: England drop Moeen Ali, Jack Leach recalled for second Test",England drop Moeen Ali and replace him in the squad with slow left-armer Jack Leach for the second Ashes Test against Australia.,"Fri, 09 Aug 2019 14:20:08 GMT",https://www.bbc.co.uk/sport/cricket/49292631,
BBC News,Guardiola expects injured Sane to miss 'six or seven months',Manchester City manager Pep Guardiola expects to be without injured winger Leroy Sane until February or March.,"Fri, 09 Aug 2019 13:15:42 GMT",https://www.bbc.co.uk/sport/football/49293963,
BBC News,NFL: Christian Wade scores 65-yard touchdown for Buffalo Bills,Former Wasps and England winger Christian Wade scores a 65-yard touchdown with his first touch on his debut for the Buffalo Bills in a pre-season game.,"Fri, 09 Aug 2019 08:28:36 GMT",https://www.bbc.co.uk/sport/av/american-football/49291121,
BBC News,Simone Biles: 'You had one job to do and you couldn't protect us',Olympic and world champion Simone Biles has criticised USA Gymnastics for its failure to protect athletes from being abused by Larry Nassar.,"Thu, 08 Aug 2019 16:55:37 GMT",https://www.bbc.co.uk/sport/av/gymnastics/49285639,
BBC News,Transfer news: How Arsenal 'nailed it' & what happened with Dybala? - David Ornstein on deadline day,"How Arsenal 'nailed it', Jeez Luiz & why Dybala didn't happen - Ornstein on deadline day","Thu, 08 Aug 2019 22:44:36 GMT",https://www.bbc.co.uk/sport/av/football/49287680,
BBC News,Heinz & McConnochie to make England debuts against Wales,Willi Heinz and Ruaridh McConnochie will make their England debuts against Wales on Sunday as they bid for Rugby World Cup selection.,"Fri, 09 Aug 2019 10:28:21 GMT",https://www.bbc.co.uk/sport/rugby-union/49293311,
BBC News,England v Wales: Lock Alun Wyn Jones to set caps record against England,Alun Wyn Jones will become Wales' most capped rugby player when he captains them in Sunday's World Cup warm-up against England at Twickenham.,"Fri, 09 Aug 2019 10:05:23 GMT",https://www.bbc.co.uk/sport/rugby-union/49292131,
BBC News,"1MDB: The playboys, PMs and partygoers around a global financial scandal",A wealth fund is alleged to have been looted of billions. The extraordinary story can be told through the characters caught up in it.,"Fri, 09 Aug 2019 13:03:45 GMT",https://www.bbc.co.uk/news/world-asia-46341603,
